Subreddit,Number of comments,Number of posts,Comments per posts
reddit.com                                        ,153680,19413,7.916344717457374
nsfw                                              ,94,62,1.5161290322580645
features                                          ,19,17,1.1176470588235294
request                                           ,14,6,2.3333333333333335
de                                                ,7,4,1.75
fr                                                ,13,12,1.0833333333333333
es                                                ,1,1,1.0
ja                                                ,60,50,1.2
pl                                                ,2,2,1.0
tr                                                ,8,7,1.1428571428571428
id                                                ,1,1,1.0
it                                                ,11,11,1.0
nl                                                ,1,1,1.0
vi                                                ,1,1,1.0
ru                                                ,22,21,1.0476190476190477
programming                                       ,25060,1723,14.544399303540336
joel                                              ,40,22,1.8181818181818181
freeculture                                       ,4,4,1.0
lipstick.com                                      ,4,1,4.0
sl                                                ,2,2,1.0
science                                           ,12086,1350,8.952592592592593
ads                                               ,140,50,2.8
netsec                                            ,45,31,1.4516129032258065
politics                                          ,72785,5175,14.064734299516909
bugs                                              ,44,21,2.0952380952380953
business                                          ,674,487,1.3839835728952772
gadgets                                           ,409,230,1.7782608695652173
sports                                            ,346,212,1.6320754716981132
gaming                                            ,1060,377,2.8116710875331563
entertainment                                     ,904,595,1.519327731092437
